Year;Country;CPI Score
2010;Denmark;93
2010;New Zealand;93
2010;Singapore;93
2010;Finland;92
2010;Sweden;92
2010;Canada;89
2010;Netherlands;88
2010;Australia;87
2010;Switzerland;87
2010;Norway;86
2010;Iceland;85
2010;Luxembourg;85
2010;Hong Kong;84
2010;Ireland;80
2010;Austria;79
2010;Germany;79
2010;Barbados;78
2010;Japan;78
2010;Qatar;77
2010;United Kingdom;76
2010;Chile;72
2010;Belgium;71
2010;United States of America;71
2010;Uruguay;69
2010;France;68
2010;Estonia;65
2010;Slovenia;64
2010;Cyprus;63
2010;United Arab Emirates;63
2010;Israel;61
2010;Spain;61
2010;Portugal;60
2010;Botswana;58
2010;Puerto Rico;58
2010;Taiwan;58
2010;Bhutan;57
2010;Malta;56
2010;Brunei;55
2010;South Korea;54
2010;Mauritius;54
2010;Costa Rica;53
2010;Oman;53
2010;Poland;53
2010;Dominica;52
2010;Cape Verde;51
2010;Lithuania;50
2010;Macau;50
2010;Bahrain;49
2010;Seychelles;48
2010;Hungary;47
2010;Jordan;47
2010;Saudi Arabia;47
2010;Czech Republic;46
2010;Kuwait;45
2010;South Africa;45
2010;Malaysia;44
2010;Namibia;44
2010;Turkey;44
2010;Latvia;43
2010;Slovakia;43
2010;Tunisia;43
2010;Croatia;41
2010;FYR Macedonia;41
2010;Ghana;41
2010;Samoa;41
2010;Rwanda;40
2010;Italy;39
2010;Georgia;38
2010;Brazil;37
2010;Cuba;37
2010;Montenegro;37
2010;Romania;37
2010;Bulgaria;36
2010;El Salvador;36
2010;Panama;36
2010;Trinidad and Tobago;36
2010;Vanuatu;36
2010;China;35
2010;Colombia;35
2010;Greece;35
2010;Lesotho;35
2010;Peru;35
2010;Serbia;35
2010;Thailand;35
2010;Malawi;34
2010;Morocco;34
2010;Albania;33
2010;India;33
2010;Jamaica;33
2010;Liberia;33
2010;Bosnia and Herzegovina;32
2010;Djibouti;32
2010;Gambia;32
2010;Guatemala;32
2010;Kiribati;32
2010;Sri Lanka;32
2010;Swaziland;32
2010;Burkina Faso;31
2010;Egypt;31
2010;Mexico;31
2010;Dominican Republic;30
2010;Sao Tome & Principe;30
2010;Tonga;30
2010;Zambia;30
2010;Algeria;29
2010;Argentina;29
2010;Kazakhstan;29
2010;Moldova;29
2010;Senegal;29
2010;Benin;28
2010;Bolivia;28
2010;Gabon;28
2010;Indonesia;28
2010;Kosovo;28
2010;Solomon Islands;28
2010;Ethiopia;27
2010;Guyana;27
2010;Mali;27
2010;Mongolia;27
2010;Mozambique;27
2010;Tanzania;27
2010;Vietnam;27
2010;Armenia;26
2010;Eritrea;26
2010;Madagascar;26
2010;Niger;26
2010;Belarus;25
2010;Ecuador;25
2010;Lebanon;25
2010;Nicaragua;25
2010;Syria;25
2010;Timor-Leste;25
2010;Uganda;25
2010;Azerbaijan;24
2010;Bangladesh;24
2010;Honduras;24
2010;Nigeria;24
2010;Philippines;24
2010;Sierra Leone;24
2010;Togo;24
2010;Ukraine;24
2010;Zimbabwe;24
2010;Maldives;23
2010;Mauritania;23
2010;Pakistan;23
2010;Cameroon;22
2010;Côte d'Ivoire;22
2010;Haiti;22
2010;Iran;22
2010;Libya;22
2010;Nepal;22
2010;Paraguay;22
2010;Yemen;22
2010;Cambodia;21
2010;Central African Republic;21
2010;Comoros;21
2010;Republic of the Congo;21
2010;Guinea-Bissau;21
2010;Kenya;21
2010;Laos;21
2010;Papua New Guinea;21
2010;Russia;21
2010;Tajikistan;21
2010;Democratic Republic of the Congo;20
2010;Guinea;20
2010;Kyrgyzstan;20
2010;Venezuela;20
2010;Angola;19
2010;Equatorial Guinea;19
2010;Burundi;18
2010;Chad;17
2010;Sudan;16
2010;Turkmenistan;16
2010;Uzbekistan;16
2010;Iraq;15
2010;Afghanistan;14
2010;Myanmar;14
2010;Somalia;11
2011;New Zealand;94,62681
2011;Denmark;93,9208
2011;Finland;94,03927
2011;Sweden;92,98488
2011;Singapore;91,66839
2011;Norway;89,89854
2011;Netherlands;88,94497
2011;Australia;88,44156
2011;Switzerland;88,01674
2011;Canada;86,72457
2011;Luxembourg;85,0703
2011;Hong Kong;83,89815
2011;Iceland;82,74027
2011;Germany;80,46144
2011;Japan;80,409
2011;Austria;77,86903
2011;Barbados;77,73902
2011;United Kingdom;77,75084
2011;Belgium;74,87431
2011;Ireland;75,36039
2011;Bahamas;72,89454
2011;Chile;72,13856
2011;Qatar;71,55269
2011;United States of America;71,35683
2011;France;70,05064
2011;Saint Lucia;70,18194
2011;Uruguay;70,4446
2011;United Arab Emirates;68,22888
2011;Estonia;63,53611
2011;Cyprus;62,65644
2011;Spain;62,296
2011;Botswana;60,77882
2011;Portugal;60,97609
2011;Taiwan;61,36312
2011;Slovenia;58,70487
2011;Israel;58,0688
2011;Saint Vincent and the Grenadines;57,61158
2011;Bhutan;57,42364
2011;Malta;55,92464
2011;Puerto Rico;55,86649
2011;Cape Verde;55,24542
2011;Poland;54,82418
2011;South Korea;53,56394
2011;Brunei;52,07397
2011;Dominica;51,7456
2011;Bahrain;51,09879
2011;Macau;51,10873
2011;Mauritius;50,67148
2011;Rwanda;49,83419
2011;Costa Rica;47,98095
2011;Lithuania;47,51965
2011;Oman;48,34576
2011;Seychelles;48,2171
2011;Hungary;45,55448
2011;Kuwait;46,16031
2011;Jordan;44,85752
2011;Czech Republic;43,68084
2011;Namibia;44,2965
2011;Saudi Arabia;43,86654
2011;Malaysia;43,07416
2011;Cuba;41,63939
2011;Latvia;41,943
2011;Turkey;42,06861
2011;Georgia;41,32969
2011;South Africa;40,80277
2011;Croatia;40,34245
2011;Montenegro;39,69978
2011;Slovakia;39,71617
2011;Ghana;38,5076
2011;Italy;39,06913
2011;FYR Macedonia;39,42666
2011;Samoa;38,79217
2011;Brazil;37,7411
2011;Tunisia;37,59299
2011;China;36,35573
2011;Romania;36,12146
2011;Gambia;35,11906
2011;Lesotho;35,16105
2011;Vanuatu;35,29686
2011;Colombia;34,46674
2011;El Salvador;34,24892
2011;Greece;33,88967
2011;Morocco;34,43408
2011;Peru;33,85607
2011;Thailand;33,81004
2011;Bulgaria;33,28966
2011;Jamaica;33,41237
2011;Panama;32,66199
2011;Serbia;33,12795
2011;Sri Lanka;32,95176
2011;Bosnia and Herzegovina;32,07211
2011;Liberia;31,88795
2011;Trinidad and Tobago;31,70273
2011;Zambia;31,95245
2011;Albania;30,52946
2011;India;30,99087
2011;Kiribati;30,80074
2011;Swaziland;30,81774
2011;Tonga;31,39194
2011;Argentina;29,96074
2011;Benin;29,6985
2011;Burkina Faso;30,46324
2011;Djibouti;29,8107
2011;Gabon;29,83002
2011;Indonesia;30,2781
2011;Madagascar;30,40804
2011;Malawi;30,02285
2011;Mexico;29,70855
2011;Sao Tome & Principe;29,86329
2011;Suriname;30,286
2011;Tanzania;29,50526
2011;Algeria;29,04377
2011;Egypt;28,62187
2011;Kosovo;28,51413
2011;Moldova;28,78946
2011;Senegal;28,70529
2011;Vietnam;28,64383
2011;Bolivia;27,63231
2011;Mali;27,58701
2011;Bangladesh;26,56912
2011;Ecuador;26,50216
2011;Ethiopia;26,90912
2011;Guatemala;27,27781
2011;Iran;27,20371
2011;Kazakhstan;26,93975
2011;Mongolia;26,76712
2011;Mozambique;26,87722
2011;Solomon Islands;27,06382
2011;Armenia;26,28996
2011;Dominican Republic;25,89769
2011;Honduras;25,91903
2011;Philippines;26,44299
2011;Syria;25,57818
2011;Cameroon;24,52247
2011;Eritrea;24,75597
2011;Guyana;24,87627
2011;Lebanon;24,86844
2011;Maldives;24,70782
2011;Nicaragua;25,29546
2011;Niger;25,40459
2011;Pakistan;24,67952
2011;Sierra Leone;24,60909
2011;Azerbaijan;23,75235
2011;Belarus;24,18323
2011;Comoros;24,10707
2011;Mauritania;24,27348
2011;Nigeria;24,49336
2011;Russia;24,48757
2011;Timor-Leste;23,76135
2011;Togo;23,82138
2011;Uganda;24,33897
2011;Tajikistan;22,71689
2011;Ukraine;22,96875
2011;Central African Republic;22,10424
2011;Republic of the Congo;21,54337
2011;Côte d'Ivoire;22,33704
2011;Guinea-Bissau;22,01865
2011;Kenya;22,4349
2011;Laos;22,13967
2011;Nepal;22,11227
2011;Papua New Guinea;21,65489
2011;Paraguay;22,17671
2011;Zimbabwe;22,29767
2011;Cambodia;21,10559
2011;Guinea;21,10293
2011;Kyrgyzstan;21,19878
2011;Yemen;20,80347
2011;Angola;20,05035
2011;Chad;20,40463
2011;Democratic Republic of the Congo;20,21067
2011;Libya;20,1449
2011;Burundi;19,35236
2011;Equatorial Guinea;19,12177
2011;Venezuela;18,89497
2011;Haiti;17,99883
2011;Iraq;18,04128
2011;Sudan;15,63758
2011;Turkmenistan;16,03173
2011;Uzbekistan;16,24563
2011;Afghanistan;15,17093
2011;Myanmar;14,90296
2011;North Korea;10,09626
2011;Somalia;9,834057
2012;Denmark;90
2012;Finland;90
2012;New Zealand;90
2012;Sweden;88
2012;Singapore;87
2012;Switzerland;86
2012;Australia;85
2012;Norway;85
2012;Canada;84
2012;Netherlands;84
2012;Iceland;82
2012;Luxembourg;80
2012;Germany;79
2012;Hong Kong;77
2012;Barbados;76
2012;Belgium;75
2012;Japan;74
2012;United Kingdom;74
2012;United States of America;73
2012;Chile;72
2012;Uruguay;72
2012;Bahamas;71
2012;France;71
2012;Saint Lucia;71
2012;Austria;69
2012;Ireland;69
2012;Qatar;68
2012;United Arab Emirates;68
2012;Cyprus;66
2012;Botswana;65
2012;Spain;65
2012;Estonia;64
2012;Bhutan;63
2012;Portugal;63
2012;Puerto Rico;63
2012;Saint Vincent and the Grenadines;62
2012;Slovenia;61
2012;Taiwan;61
2012;Cape Verde;60
2012;Israel;60
2012;Dominica;58
2012;Poland;58
2012;Malta;57
2012;Mauritius;57
2012;South Korea;56
2012;Brunei;55
2012;Hungary;55
2012;Costa Rica;54
2012;Lithuania;54
2012;Rwanda;53
2012;Georgia;52
2012;Seychelles;52
2012;Bahrain;51
2012;Czech Republic;49
2012;Latvia;49
2012;Malaysia;49
2012;Turkey;49
2012;Cuba;48
2012;Jordan;48
2012;Namibia;48
2012;Oman;47
2012;Croatia;46
2012;Slovakia;46
2012;Ghana;45
2012;Lesotho;45
2012;Kuwait;44
2012;Romania;44
2012;Saudi Arabia;44
2012;Brazil;43
2012;Macedonia;43
2012;South Africa;43
2012;Bosnia and Herzegovina;42
2012;Italy;42
2012;Sao Tome & Principe;42
2012;Bulgaria;41
2012;Liberia;41
2012;Montenegro;41
2012;Tunisia;41
2012;Sri Lanka;40
2012;China;39
2012;Serbia;39
2012;Trinidad and Tobago;39
2012;Burkina Faso;38
2012;El Salvador;38
2012;Jamaica;38
2012;Panama;38
2012;Peru;38
2012;Malawi;37
2012;Morocco;37
2012;Suriname;37
2012;Swaziland;37
2012;Thailand;37
2012;Zambia;37
2012;Benin;36
2012;Colombia;36
2012;Djibouti;36
2012;Greece;36
2012;India;36
2012;Moldova;36
2012;Mongolia;36
2012;Senegal;36
2012;Argentina;35
2012;Gabon;35
2012;Tanzania;35
2012;Algeria;34
2012;Armenia;34
2012;Bolivia;34
2012;Gambia;34
2012;Kosovo;34
2012;Mali;34
2012;Mexico;34
2012;Philippines;34
2012;Albania;33
2012;Ethiopia;33
2012;Guatemala;33
2012;Niger;33
2012;Timor-Leste;33
2012;Dominican Republic;32
2012;Ecuador;32
2012;Egypt;32
2012;Indonesia;32
2012;Madagascar;32
2012;Belarus;31
2012;Mauritania;31
2012;Mozambique;31
2012;Sierra Leone;31
2012;Vietnam;31
2012;Lebanon;30
2012;Togo;30
2012;Côte d'Ivoire;29
2012;Nicaragua;29
2012;Uganda;29
2012;Comoros;28
2012;Guyana;28
2012;Honduras;28
2012;Iran;28
2012;Kazakhstan;28
2012;Russia;28
2012;Azerbaijan;27
2012;Kenya;27
2012;Nepal;27
2012;Nigeria;27
2012;Pakistan;27
2012;Bangladesh;26
2012;Cameroon;26
2012;Central African Republic;26
2012;Republic of the Congo;26
2012;Syria;26
2012;Ukraine;26
2012;Eritrea;25
2012;Guinea-Bissau;25
2012;Papua New Guinea;25
2012;Paraguay;25
2012;Guinea;24
2012;Kyrgyzstan;24
2012;Yemen;23
2012;Angola;22
2012;Cambodia;22
2012;Tajikistan;22
2012;Democratic Republic of the Congo;21
2012;Laos;21
2012;Libya;21
2012;Equatorial Guinea;20
2012;Zimbabwe;20
2012;Burundi;19
2012;Chad;19
2012;Haiti;19
2012;Venezuela;19
2012;Iraq;18
2012;Turkmenistan;17
2012;Uzbekistan;17
2012;Myanmar;15
2012;Sudan;13
2012;Afghanistan;8
2012;North Korea;8
2012;Somalia;8
2013;Denmark;91
2013;New Zealand;91
2013;Finland;89
2013;Sweden;89
2013;Norway;86
2013;Singapore;86
2013;Switzerland;85
2013;Netherlands;83
2013;Australia;81
2013;Canada;81
2013;Luxembourg;80
2013;Germany;78
2013;Iceland;78
2013;United Kingdom;76
2013;Barbados;75
2013;Belgium;75
2013;Hong Kong;75
2013;Japan;74
2013;Uruguay;73
2013;United States of America;73
2013;Ireland;72
2013;Bahamas;71
2013;Chile;71
2013;France;71
2013;Saint Lucia;71
2013;Austria;69
2013;United Arab Emirates;69
2013;Estonia;68
2013;Qatar;68
2013;Botswana;64
2013;Bhutan;63
2013;Cyprus;63
2013;Portugal;62
2013;Puerto Rico;62
2013;Saint Vincent and the Grenadines;62
2013;Israel;61
2013;Taiwan;61
2013;Brunei;60
2013;Poland;60
2013;Spain;59
2013;Cape Verde;58
2013;Dominica;58
2013;Lithuania;57
2013;Slovenia;57
2013;Malta;56
2013;South Korea;55
2013;Hungary;54
2013;Seychelles;54
2013;Costa Rica;53
2013;Latvia;53
2013;Rwanda;53
2013;Mauritius;52
2013;Malaysia;50
2013;Turkey;50
2013;Georgia;49
2013;Lesotho;49
2013;Bahrain;48
2013;Croatia;48
2013;Czech Republic;48
2013;Namibia;48
2013;Oman;47
2013;Slovakia;47
2013;Cuba;46
2013;Ghana;46
2013;Saudi Arabia;46
2013;Jordan;45
2013;Macedonia;44
2013;Montenegro;44
2013;Italy;43
2013;Kuwait;43
2013;Romania;43
2013;Bosnia and Herzegovina;42
2013;Brazil;42
2013;Sao Tome & Principe;42
2013;Serbia;42
2013;South Africa;42
2013;Bulgaria;41
2013;Senegal;41
2013;Tunisia;41
2013;China;40
2013;Greece;40
2013;Swaziland;39
2013;Burkina Faso;38
2013;El Salvador;38
2013;Jamaica;38
2013;Liberia;38
2013;Mongolia;38
2013;Peru;38
2013;Trinidad and Tobago;38
2013;Zambia;38
2013;Malawi;37
2013;Morocco;37
2013;Sri Lanka;37
2013;Algeria;36
2013;Armenia;36
2013;Benin;36
2013;Colombia;36
2013;Djibouti;36
2013;India;36
2013;Philippines;36
2013;Suriname;36
2013;Ecuador;35
2013;Moldova;35
2013;Panama;35
2013;Thailand;35
2013;Argentina;34
2013;Bolivia;34
2013;Gabon;34
2013;Mexico;34
2013;Niger;34
2013;Ethiopia;33
2013;Kosovo;33
2013;Tanzania;33
2013;Egypt;32
2013;Indonesia;32
2013;Albania;31
2013;Nepal;31
2013;Vietnam;31
2013;Mauritania;30
2013;Mozambique;30
2013;Sierra Leone;30
2013;Timor-Leste;30
2013;Belarus;29
2013;Dominican Republic;29
2013;Guatemala;29
2013;Togo;29
2013;Azerbaijan;28
2013;Comoros;28
2013;Gambia;28
2013;Lebanon;28
2013;Madagascar;28
2013;Mali;28
2013;Nicaragua;28
2013;Pakistan;28
2013;Russia;28
2013;Bangladesh;27
2013;Côte d'Ivoire;27
2013;Guyana;27
2013;Kenya;27
2013;Honduras;26
2013;Kazakhstan;26
2013;Laos;26
2013;Uganda;26
2013;Cameroon;25
2013;Central African Republic;25
2013;Iran;25
2013;Nigeria;25
2013;Papua New Guinea;25
2013;Ukraine;25
2013;Guinea;24
2013;Kyrgyzstan;24
2013;Paraguay;24
2013;Angola;23
2013;Republic of the Congo;22
2013;Democratic Republic of the Congo;22
2013;Tajikistan;22
2013;Burundi;21
2013;Myanmar;21
2013;Zimbabwe;21
2013;Cambodia;20
2013;Eritrea;20
2013;Venezuela;20
2013;Chad;19
2013;Equatorial Guinea;19
2013;Guinea-Bissau;19
2013;Haiti;19
2013;Yemen;18
2013;Syria;17
2013;Turkmenistan;17
2013;Uzbekistan;17
2013;Iraq;16
2013;Libya;15
2013;South Sudan;14
2013;Sudan;11
2013;Afghanistan;8
2013;North Korea;8
2013;Somalia;8
2014;Denmark;92
2014;New Zealand;91
2014;Finland;89
2014;Sweden;87
2014;Norway;86
2014;Switzerland;86
2014;Singapore;84
2014;Netherlands;83
2014;Luxembourg;82
2014;Canada;81
2014;Australia;80
2014;Germany;79
2014;Iceland;79
2014;United Kingdom;78
2014;Belgium;76
2014;Japan;76
2014;Barbados;74
2014;Hong Kong;74
2014;Ireland;74
2014;United States of America;74
2014;Chile;73
2014;Uruguay;73
2014;Austria;72
2014;Bahamas;71
2014;Saint Lucia;71
2014;United Arab Emirates;70
2014;Estonia;69
2014;France;69
2014;Qatar;69
2014;Bhutan;65
2014;Botswana;63
2014;Cyprus;63
2014;Portugal;63
2014;Puerto Rico;63
2014;Saint Vincent and the Grenadines;62
2014;Poland;61
2014;Taiwan;61
2014;Israel;60
2014;Spain;60
2014;Dominica;58
2014;Lithuania;58
2014;Slovenia;58
2014;Cape Verde;57
2014;South Korea;55
2014;Latvia;55
2014;Malta;55
2014;Seychelles;55
2014;Costa Rica;54
2014;Hungary;54
2014;Mauritius;54
2014;Georgia;52
2014;Malaysia;52
2014;Czech Republic;51
2014;Slovakia;50
2014;Bahrain;49
2014;Jordan;49
2014;Lesotho;49
2014;Namibia;49
2014;Rwanda;49
2014;Saudi Arabia;49
2014;Croatia;48
2014;Ghana;48
2014;Cuba;46
2014;Oman;45
2014;The FYR of Macedonia;45
2014;Turkey;45
2014;Kuwait;44
2014;South Africa;44
2014;Brazil;43
2014;Bulgaria;43
2014;Greece;43
2014;Italy;43
2014;Romania;43
2014;Senegal;43
2014;Swaziland;43
2014;Montenegro;42
2014;Sao Tome & Principe;42
2014;Serbia;41
2014;Tunisia;40
2014;Benin;39
2014;Bosnia and Herzegovina;39
2014;El Salvador;39
2014;Mongolia;39
2014;Morocco;39
2014;Burkina Faso;38
2014;India;38
2014;Jamaica;38
2014;Peru;38
2014;Philippines;38
2014;Sri Lanka;38
2014;Thailand;38
2014;Trinidad and Tobago;38
2014;Zambia;38
2014;Armenia;37
2014;Colombia;37
2014;Egypt;37
2014;Gabon;37
2014;Liberia;37
2014;Panama;37
2014;Algeria;36
2014;China;36
2014;Suriname;36
2014;Bolivia;35
2014;Mexico;35
2014;Moldova;35
2014;Niger;35
2014;Argentina;34
2014;Djibouti;34
2014;Indonesia;34
2014;Albania;33
2014;Ecuador;33
2014;Ethiopia;33
2014;Kosovo;33
2014;Malawi;33
2014;Côte d'Ivoire;32
2014;Dominican Republic;32
2014;Guatemala;32
2014;Mali;32
2014;Belarus;31
2014;Mozambique;31
2014;Sierra Leone;31
2014;Tanzania;31
2014;Vietnam;31
2014;Guyana;30
2014;Mauritania;30
2014;Azerbaijan;29
2014;Gambia;29
2014;Honduras;29
2014;Kazakhstan;29
2014;Nepal;29
2014;Pakistan;29
2014;Togo;29
2014;Madagascar;28
2014;Nicaragua;28
2014;Timor-Leste;28
2014;Cameroon;27
2014;Iran;27
2014;Kyrgyzstan;27
2014;Lebanon;27
2014;Nigeria;27
2014;Russia;27
2014;Comoros;26
2014;Uganda;26
2014;Ukraine;26
2014;Bangladesh;25
2014;Guinea;25
2014;Kenya;25
2014;Laos;25
2014;Papua New Guinea;25
2014;Central African Republic;24
2014;Paraguay;24
2014;Republic of the Congo;23
2014;Tajikistan;23
2014;Chad;22
2014;Democratic Republic of the Congo;22
2014;Cambodia;21
2014;Myanmar;21
2014;Zimbabwe;21
2014;Burundi;20
2014;Syria;20
2014;Angola;19
2014;Guinea-Bissau;19
2014;Haiti;19
2014;Venezuela;19
2014;Yemen;19
2014;Eritrea;18
2014;Libya;18
2014;Uzbekistan;18
2014;Turkmenistan;17
2014;Iraq;16
2014;South Sudan;15
2014;Afghanistan;12
2014;Sudan;11
2014;North Korea;8
2014;Somalia;8
2015;Denmark;91
2015;New Zealand;91
2015;Finland;90
2015;Sweden;89
2015;Norway;88
2015;Switzerland;86
2015;Luxembourg;85
2015;Singapore;85
2015;Netherlands;84
2015;Canada;83
2015;Germany;81
2015;United Kingdom;81
2015;Australia;79
2015;Iceland;79
2015;Belgium;77
2015;Austria;76
2015;United States of America;76
2015;Hong Kong;75
2015;Ireland;75
2015;Japan;75
2015;Uruguay;74
2015;Qatar;71
2015;Chile;70
2015;Estonia;70
2015;France;70
2015;United Arab Emirates;70
2015;Bhutan;65
2015;Portugal;64
2015;Botswana;63
2015;Poland;63
2015;Taiwan;62
2015;Cyprus;61
2015;Israel;61
2015;Malta;60
2015;Slovenia;60
2015;Lithuania;59
2015;Spain;58
2015;Czech Republic;56
2015;Latvia;56
2015;Cape Verde;55
2015;Costa Rica;55
2015;Seychelles;55
2015;South Korea;54
2015;Rwanda;54
2015;Jordan;53
2015;Mauritius;53
2015;Namibia;53
2015;Georgia;52
2015;Saudi Arabia;52
2015;Bahrain;51
2015;Croatia;51
2015;Hungary;51
2015;Slovakia;51
2015;Malaysia;50
2015;Kuwait;49
2015;Cuba;47
2015;Ghana;47
2015;Greece;46
2015;Romania;46
2015;Oman;45
2015;Italy;44
2015;Lesotho;44
2015;Montenegro;44
2015;Senegal;44
2015;South Africa;44
2015;Sao Tome & Principe;42
2015;The FYR of Macedonia;42
2015;Turkey;42
2015;Bulgaria;41
2015;Jamaica;41
2015;Serbia;40
2015;El Salvador;39
2015;Mongolia;39
2015;Panama;39
2015;Trinidad and Tobago;39
2015;Bosnia and Herzegovina;38
2015;Brazil;38
2015;Burkina Faso;38
2015;India;38
2015;Thailand;38
2015;Tunisia;38
2015;Zambia;38
2015;Benin;37
2015;China;37
2015;Colombia;37
2015;Liberia;37
2015;Sri Lanka;37
2015;Albania;36
2015;Algeria;36
2015;Egypt;36
2015;Indonesia;36
2015;Morocco;36
2015;Peru;36
2015;Suriname;36
2015;Armenia;35
2015;Mali;35
2015;Philippines;35
2015;Bolivia;34
2015;Djibouti;34
2015;Gabon;34
2015;Niger;34
2015;Dominican Republic;33
2015;Ethiopia;33
2015;Kosovo;33
2015;Moldova;33
2015;Argentina;32
2015;Belarus;32
2015;Côte d'Ivoire;32
2015;Ecuador;32
2015;Togo;32
2015;Honduras;31
2015;Malawi;31
2015;Mauritania;31
2015;Mexico;31
2015;Mozambique;31
2015;Vietnam;31
2015;Pakistan;30
2015;Tanzania;30
2015;Azerbaijan;29
2015;Guyana;29
2015;Russia;29
2015;Sierra Leone;29
2015;Gambia;28
2015;Guatemala;28
2015;Kazakhstan;28
2015;Kyrgyzstan;28
2015;Lebanon;28
2015;Madagascar;28
2015;Timor-Leste;28
2015;Cameroon;27
2015;Iran;27
2015;Nepal;27
2015;Nicaragua;27
2015;Paraguay;27
2015;Ukraine;27
2015;Comoros;26
2015;Nigeria;26
2015;Tajikistan;26
2015;Bangladesh;25
2015;Guinea;25
2015;Kenya;25
2015;Laos;25
2015;Papua New Guinea;25
2015;Uganda;25
2015;Central African Republic;24
2015;Republic of the Congo;23
2015;Chad;22
2015;Democratic Republic of the Congo;22
2015;Myanmar;22
2015;Burundi;21
2015;Cambodia;21
2015;Zimbabwe;21
2015;Uzbekistan;19
2015;Eritrea;18
2015;Syria;18
2015;Turkmenistan;18
2015;Yemen;18
2015;Guinea-Bissau;17
2015;Haiti;17
2015;Venezuela;17
2015;Iraq;16
2015;Libya;16
2015;Angola;15
2015;South Sudan;15
2015;Sudan;12
2015;Afghanistan;11
2015;North Korea;8
2015;Somalia;8
2016;New Zealand;90
2016;Denmark;90
2016;Finland;89
2016;Sweden;88
2016;Switzerland;86
2016;Norway;85
2016;Singapore;84
2016;Netherlands;83
2016;Canada;82
2016;Germany;81
2016;Luxembourg;81
2016;United Kingdom;81
2016;Australia;79
2016;Iceland;78
2016;Hong Kong;77
2016;Belgium;77
2016;Austria;75
2016;United States of America;74
2016;Ireland;73
2016;Japan;72
2016;Uruguay;71
2016;Estonia;70
2016;France;69
2016;Bahamas;66
2016;Chile;66
2016;United Arab Emirates;66
2016;Bhutan;65
2016;Israel;64
2016;Poland;62
2016;Portugal;62
2016;Barbados;61
2016;Taiwan;61
2016;Qatar;61
2016;Slovenia;61
2016;Saint Lucia;60
2016;Saint Vincent and the Grenadines;60
2016;Botswana;60
2016;Dominica;59
2016;Cape Verde;59
2016;Lithuania;59
2016;Costa Rica;58
2016;Brunei;58
2016;Spain;58
2016;Georgia;57
2016;Latvia;57
2016;Grenada;56
2016;Cyprus;55
2016;Czech Republic;55
2016;Malta;55
2016;Mauritius;54
2016;Rwanda;54
2016;South Korea;53
2016;Namibia;52
2016;Slovakia;51
2016;Malaysia;49
2016;Croatia;49
2016;Jordan;48
2016;Hungary;48
2016;Romania;48
2016;Cuba;47
2016;Italy;47
2016;Saudi Arabia;46
2016;Sao Tome & Principe;46
2016;Suriname;45
2016;Montenegro;45
2016;Oman;45
2016;Senegal;45
2016;South Africa;45
2016;Greece;44
2016;Bahrain;43
2016;Ghana;43
2016;Solomon Islands;42
2016;Serbia;42
2016;Burkina Faso;42
2016;Turkey;41
2016;Kuwait;41
2016;Tunisia;41
2016;Bulgaria;41
2016;Brazil;40
2016;China;40
2016;India;40
2016;Belarus;40
2016;Jamaica;39
2016;Albania;39
2016;Bosnia and Herzegovina;39
2016;Lesotho;39
2016;Panama;38
2016;Mongolia;38
2016;Zambia;38
2016;Colombia;37
2016;Indonesia;37
2016;The FYR of Macedonia;37
2016;Morocco;37
2016;Liberia;37
2016;Argentina;36
2016;El Salvador;36
2016;Maldives;36
2016;Sri Lanka;36
2016;Kosovo;36
2016;Benin;36
2016;Peru;35
2016;Trinidad and Tobago;35
2016;Philippines;35
2016;Thailand;35
2016;Timor-Leste;35
2016;Gabon;35
2016;Niger;35
2016;Guyana;34
2016;Algeria;34
2016;Egypt;34
2016;Côte d'Ivoire;34
2016;Ethiopia;34
2016;Bolivia;33
2016;Vietnam;33
2016;Armenia;33
2016;Pakistan;32
2016;Mali;32
2016;Tanzania;32
2016;Togo;32
2016;Dominican Republic;31
2016;Ecuador;31
2016;Malawi;31
2016;Honduras;30
2016;Mexico;30
2016;Paraguay;30
2016;Laos;30
2016;Azerbaijan;30
2016;Moldova;30
2016;Djibouti;30
2016;Sierra Leone;30
2016;Nepal;29
2016;Kazakhstan;29
2016;Russia;29
2016;Ukraine;29
2016;Iran;29
2016;Guatemala;28
2016;Myanmar;28
2016;Papua New Guinea;28
2016;Kyrgyzstan;28
2016;Lebanon;28
2016;Nigeria;28
2016;Guinea;27
2016;Mauritania;27
2016;Mozambique;27
2016;Nicaragua;26
2016;Bangladesh;26
2016;Cameroon;26
2016;Gambia;26
2016;Kenya;26
2016;Madagascar;26
2016;Tajikistan;25
2016;Uganda;25
2016;Comoros;24
2016;Turkmenistan;22
2016;Zimbabwe;22
2016;Cambodia;21
2016;Uzbekistan;21
2016;Democratic Republic of the Congo;21
2016;Haiti;20
2016;Burundi;20
2016;Central African Republic;20
2016;Chad;20
2016;Republic of the Congo;20
2016;Angola;18
2016;Eritrea;18
2016;Venezuela;17
2016;Iraq;17
2016;Guinea-Bissau;16
2016;Afghanistan;15
2016;Libya;14
2016;Yemen;14
2016;Sudan;14
2016;Syria;13
2016;North Korea;12
2016;South Sudan;11
2016;Somalia;10
2017;New Zealand;89
2017;Denmark;88
2017;Switzerland;85
2017;Norway;85
2017;Finland;85
2017;Sweden;84
2017;Singapore;84
2017;Canada;82
2017;Netherlands;82
2017;Luxembourg;82
2017;United Kingdom;82
2017;Germany;81
2017;Hong Kong;77
2017;Iceland;77
2017;Australia;77
2017;United States of America;75
2017;Austria;75
2017;Belgium;75
2017;Ireland;74
2017;Japan;73
2017;United Arab Emirates;71
2017;Estonia;71
2017;France;70
2017;Uruguay;70
2017;Barbados;68
2017;Chile;67
2017;Bhutan;67
2017;Bahamas;65
2017;Qatar;63
2017;Portugal;63
2017;Taiwan;63
2017;Brunei;62
2017;Israel;62
2017;Slovenia;61
2017;Botswana;61
2017;Seychelles;60
2017;Poland;60
2017;Lithuania;59
2017;Costa Rica;59
2017;Latvia;58
2017;Saint Vincent and the Grenadines;58
2017;Dominica;57
2017;Cyprus;57
2017;Czech Republic;57
2017;Spain;57
2017;Georgia;56
2017;Malta;56
2017;Rwanda;55
2017;Cabo Verde;55
2017;Saint Lucia;55
2017;South Korea;54
2017;Grenada;52
2017;Namibia;51
2017;Mauritius;50
2017;Italy;50
2017;Slovakia;50
2017;Saudi Arabia;49
2017;Croatia;49
2017;Jordan;48
2017;Greece;48
2017;Romania;48
2017;Cuba;47
2017;Malaysia;47
2017;Sao Tome & Principe;46
2017;Montenegro;46
2017;Hungary;45
2017;Senegal;45
2017;Jamaica;44
2017;Oman;44
2017;Belarus;44
2017;South Africa;43
2017;Bulgaria;43
2017;Vanuatu;43
2017;Lesotho;42
2017;Tunisia;42
2017;Burkina Faso;42
2017;China;41
2017;Serbia;41
2017;Suriname;41
2017;Trinidad and Tobago;41
2017;Ghana;40
2017;India;40
2017;Morocco;40
2017;Turkey;40
2017;Benin;39
2017;Kuwait;39
2017;Solomon Islands;39
2017;Argentina;39
2017;Swaziland;39
2017;Kosovo;39
2017;Bosnia and Herzegovina;38
2017;Timor-Leste;38
2017;Sri Lanka;38
2017;Albania;38
2017;Guyana;38
2017;Peru;37
2017;Panama;37
2017;Colombia;37
2017;Zambia;37
2017;Brazil;37
2017;Indonesia;37
2017;Thailand;37
2017;Côte d'Ivoire;36
2017;Tanzania;36
2017;Bahrain;36
2017;Mongolia;36
2017;Ethiopia;35
2017;Vietnam;35
2017;Macedonia;35
2017;Armenia;35
2017;Philippines;34
2017;Niger;33
2017;Algeria;33
2017;Bolivia;33
2017;El Salvador;33
2017;Maldives;33
2017;Egypt;32
2017;Ecuador;32
2017;Togo;32
2017;Gabon;32
2017;Pakistan;32
2017;Malawi;31
2017;Liberia;31
2017;Djibouti;31
2017;Mali;31
2017;Nepal;31
2017;Moldova;31
2017;Azerbaijan;31
2017;Kazakhstan;31
2017;Iran;30
2017;Myanmar;30
2017;Ukraine;30
2017;Gambia;30
2017;Sierra Leone;30
2017;Laos;29
2017;Kyrgyzstan;29
2017;Russia;29
2017;Paraguay;29
2017;Mexico;29
2017;Honduras;29
2017;Dominican Republic;29
2017;Papua New Guinea;29
2017;Mauritania;28
2017;Kenya;28
2017;Lebanon;28
2017;Bangladesh;28
2017;Guatemala;28
2017;Nigeria;27
2017;Guinea;27
2017;Comoros;27
2017;Nicaragua;26
2017;Uganda;26
2017;Mozambique;25
2017;Cameroon;25
2017;Madagascar;24
2017;Central African Republic;23
2017;Zimbabwe;22
2017;Burundi;22
2017;Haiti;22
2017;Uzbekistan;22
2017;Congo;21
2017;Cambodia;21
2017;Democratic Republic of the Congo;21
2017;Tajikistan;21
2017;Chad;20
2017;Eritrea;20
2017;Turkmenistan;19
2017;Angola;19
2017;Venezuela;18
2017;Iraq;18
2017;Equatorial Guinea;17
2017;Libya;17
2017;North Korea;17
2017;Guinea-Bissau;17
2017;Sudan;16
2017;Yemen;16
2017;Afghanistan;15
2017;Syria;14
2017;South Sudan;12
2017;Somalia;9
2018;Denmark;88
2018;New Zealand;87
2018;Finland;85
2018;Singapore;85
2018;Sweden;85
2018;Switzerland;85
2018;Norway;84
2018;Netherlands;82
2018;Canada;81
2018;Luxembourg;81
2018;Germany;80
2018;United Kingdom;80
2018;Australia;77
2018;Austria;76
2018;Hong Kong;76
2018;Iceland;76
2018;Belgium;75
2018;Estonia;73
2018;Ireland;73
2018;Japan;73
2018;France;72
2018;United States of America;71
2018;United Arab Emirates;70
2018;Uruguay;70
2018;Barbados;68
2018;Bhutan;68
2018;Chile;67
2018;Seychelles;66
2018;Bahamas;65
2018;Portugal;64
2018;Brunei;63
2018;Taiwan;63
2018;Qatar;62
2018;Botswana;61
2018;Israel;61
2018;Poland;60
2018;Slovenia;60
2018;Cyprus;59
2018;Czech Republic;59
2018;Lithuania;59
2018;Georgia;58
2018;Latvia;58
2018;Saint Vincent and the Grenadines;58
2018;Spain;58
2018;Cabo Verde;57
2018;Dominica;57
2018;South Korea;57
2018;Costa Rica;56
2018;Rwanda;56
2018;Saint Lucia;55
2018;Malta;54
2018;Namibia;53
2018;Grenada;52
2018;Italy;52
2018;Oman;52
2018;Mauritius;51
2018;Slovakia;50
2018;Jordan;49
2018;Saudi Arabia;49
2018;Croatia;48
2018;Cuba;47
2018;Malaysia;47
2018;Romania;47
2018;Hungary;46
2018;Sao Tome & Principe;46
2018;Vanuatu;46
2018;Greece;45
2018;Montenegro;45
2018;Senegal;45
2018;Belarus;44
2018;Jamaica;44
2018;Solomon Islands;44
2018;Morocco;43
2018;South Africa;43
2018;Suriname;43
2018;Tunisia;43
2018;Bulgaria;42
2018;Burkina Faso;41
2018;Ghana;41
2018;India;41
2018;Kuwait;41
2018;Lesotho;41
2018;Trinidad and Tobago;41
2018;Turkey;41
2018;Argentina;40
2018;Benin;40
2018;China;39
2018;Serbia;39
2018;Bosnia and Herzegovina;38
2018;Indonesia;38
2018;Sri Lanka;38
2018;Swaziland;38
2018;Gambia;37
2018;Guyana;37
2018;Kosovo;37
2018;Macedonia;37
2018;Mongolia;37
2018;Panama;37
2018;Albania;36
2018;Bahrain;36
2018;Colombia;36
2018;Philippines;36
2018;Tanzania;36
2018;Thailand;36
2018;Algeria;35
2018;Armenia;35
2018;Brazil;35
2018;Côte d'Ivoire;35
2018;Egypt;35
2018;El Salvador;35
2018;Peru;35
2018;Timor-Leste;35
2018;Zambia;35
2018;Ecuador;34
2018;Ethiopia;34
2018;Niger;34
2018;Moldova;33
2018;Pakistan;33
2018;Vietnam;33
2018;Liberia;32
2018;Malawi;32
2018;Mali;32
2018;Ukraine;32
2018;Djibouti;31
2018;Gabon;31
2018;Kazakhstan;31
2018;Maldives;31
2018;Nepal;31
2018;Dominican Republic;30
2018;Sierra Leone;30
2018;Togo;30
2018;Bolivia;29
2018;Honduras;29
2018;Kyrgyzstan;29
2018;Laos;29
2018;Myanmar;29
2018;Paraguay;29
2018;Guinea;28
2018;Iran;28
2018;Lebanon;28
2018;Mexico;28
2018;Papua New Guinea;28
2018;Russia;28
2018;Comoros;27
2018;Guatemala;27
2018;Kenya;27
2018;Mauritania;27
2018;Nigeria;27
2018;Bangladesh;26
2018;Central African Republic;26
2018;Uganda;26
2018;Azerbaijan;25
2018;Cameroon;25
2018;Madagascar;25
2018;Nicaragua;25
2018;Tajikistan;25
2018;Eritrea;24
2018;Mozambique;23
2018;Uzbekistan;23
2018;Zimbabwe;22
2018;Cambodia;20
2018;Democratic Republic of the Congo;20
2018;Haiti;20
2018;Turkmenistan;20
2018;Angola;19
2018;Chad;19
2018;Congo;19
2018;Iraq;18
2018;Venezuela;18
2018;Burundi;17
2018;Libya;17
2018;Afghanistan;16
2018;Equatorial Guinea;16
2018;Guinea-Bissau;16
2018;Sudan;16
2018;North Korea;14
2018;Yemen;14
2018;South Sudan;13
2018;Syria;13
2018;Somalia;10
2019;Denmark;87
2019;New Zealand;87
2019;Finland;86
2019;Singapore;85
2019;Sweden;85
2019;Switzerland;85
2019;Norway;84
2019;Netherlands;82
2019;Germany;80
2019;Luxembourg;80
2019;Iceland;78
2019;Australia;77
2019;Austria;77
2019;Canada;77
2019;United Kingdom;77
2019;Hong Kong;76
2019;Belgium;75
2019;Estonia;74
2019;Ireland;74
2019;Japan;73
2019;United Arab Emirates;71
2019;Uruguay;71
2019;France;69
2019;United States of America;69
2019;Bhutan;68
2019;Chile;67
2019;Seychelles;66
2019;Taiwan;65
2019;Bahamas;64
2019;Barbados;62
2019;Portugal;62
2019;Qatar;62
2019;Spain;62
2019;Botswana;61
2019;Brunei;60
2019;Israel;60
2019;Lithuania;60
2019;Slovenia;60
2019;South Korea;59
2019;Saint Vincent and the Grenadines;59
2019;Cabo Verde;58
2019;Cyprus;58
2019;Poland;58
2019;Costa Rica;56
2019;Czech Republic;56
2019;Georgia;56
2019;Latvia;56
2019;Dominica;55
2019;Saint Lucia;55
2019;Malta;54
2019;Grenada;53
2019;Italy;53
2019;Malaysia;53
2019;Rwanda;53
2019;Saudi Arabia;53
2019;Mauritius;52
2019;Namibia;52
2019;Oman;52
2019;Slovakia;50
2019;Cuba;48
2019;Greece;48
2019;Jordan;48
2019;Croatia;47
2019;Sao Tome & Principe;46
2019;Vanuatu;46
2019;Argentina;45
2019;Belarus;45
2019;Montenegro;45
2019;Senegal;45
2019;Hungary;44
2019;Romania;44
2019;South Africa;44
2019;Suriname;44
2019;Bulgaria;43
2019;Jamaica;43
2019;Tunisia;43
2019;Armenia;42
2019;Bahrain;42
2019;Solomon Islands;42
2019;Benin;41
2019;China;41
2019;Ghana;41
2019;India;41
2019;Morocco;41
2019;Burkina Faso;40
2019;Guyana;40
2019;Indonesia;40
2019;Kuwait;40
2019;Lesotho;40
2019;Trinidad and Tobago;40
2019;Serbia;39
2019;Turkey;39
2019;Ecuador;38
2019;Sri Lanka;38
2019;Timor-Leste;38
2019;Colombia;37
2019;Ethiopia;37
2019;Gambia;37
2019;Tanzania;37
2019;Vietnam;37
2019;Bosnia and Herzegovina;36
2019;Kosovo;36
2019;Panama;36
2019;Peru;36
2019;Thailand;36
2019;Albania;35
2019;Algeria;35
2019;Brazil;35
2019;Côte d'Ivoire;35
2019;Egypt;35
2019;North Macedonia;35
2019;El Salvador;34
2019;Kazakhstan;34
2019;Nepal;34
2019;Philippines;34
2019;Eswatini;34
2019;Zambia;34
2019;Sierra Leone;33
2019;Moldova;32
2019;Niger;32
2019;Pakistan;32
2019;Bolivia;31
2019;Gabon;31
2019;Malawi;31
2019;Azerbaijan;30
2019;Djibouti;30
2019;Kyrgyzstan;30
2019;Ukraine;30
2019;Guinea;29
2019;Laos;29
2019;Maldives;29
2019;Mali;29
2019;Mexico;29
2019;Myanmar;29
2019;Togo;29
2019;Dominican Republic;28
2019;Kenya;28
2019;Lebanon;28
2019;Liberia;28
2019;Mauritania;28
2019;Papua New Guinea;28
2019;Paraguay;28
2019;Russia;28
2019;Uganda;28
2019;Angola;26
2019;Bangladesh;26
2019;Guatemala;26
2019;Honduras;26
2019;Iran;26
2019;Mozambique;26
2019;Nigeria;26
2019;Cameroon;25
2019;Central African Republic;25
2019;Comoros;25
2019;Tajikistan;25
2019;Uzbekistan;25
2019;Madagascar;24
2019;Zimbabwe;24
2019;Eritrea;23
2019;Nicaragua;22
2019;Cambodia;20
2019;Chad;20
2019;Iraq;20
2019;Burundi;19
2019;Congo;19
2019;Turkmenistan;19
2019;Democratic Republic of the Congo;18
2019;Guinea-Bissau;18
2019;Haiti;18
2019;Libya;18
2019;North Korea;17
2019;Afghanistan;16
2019;Equatorial Guinea;16
2019;Sudan;16
2019;Venezuela;16
2019;Yemen;15
2019;Syria;13
2019;South Sudan;12
2019;Somalia;9